date,win,exit_reason,entry_prem,exit_prem,dte,Gap Up,Gap Up Strong,Gap Down,Prev India UP,Prev India DOWN,US UP,US DOWN,SGX UP,SGX DOWN,DAX UP,VIX Rising,VIX Falling,VIX Spike
2024-01-02,False,Stop Loss,65.2,58.68,2,False,False,False,True,False,False,True,False,True,True,False,True,False
2024-01-03,False,11:15 exit,53.2,55.9,1,False,False,False,False,True,False,True,False,True,True,True,False,True
2024-01-04,False,Stop Loss,19.95,17.95,0,True,False,False,False,True,False,True,False,False,False,True,False,True
2024-01-05,False,Stop Loss,82.1,73.89,6,True,False,False,True,False,False,True,True,False,True,False,False,False
2024-01-09,False,Stop Loss,55.4,49.86,2,True,True,False,False,True,True,False,True,False,True,False,True,False
2024-01-10,True,Target Hit,70.7,113.12,1,False,False,False,True,False,False,True,True,False,False,False,True,False
2024-01-11,False,Stop Loss,18.95,17.05,0,True,False,False,True,False,True,False,True,False,True,False,True,False
2024-01-12,False,Stop Loss,105.05,94.55,6,True,True,False,True,False,False,True,True,False,False,False,True,False
2024-01-16,False,Stop Loss,82.55,74.3,2,False,False,False,True,False,False,False,True,False,False,False,False,False
2024-01-17,False,Stop Loss,71.7,64.53,1,False,False,True,False,True,False,True,True,False,False,True,False,True
2024-01-18,True,Target Hit,39.6,63.36,0,False,False,True,False,True,False,True,False,True,False,True,False,True
2024-01-19,False,Stop Loss,124.5,112.05,6,True,True,False,False,True,True,False,True,False,True,False,True,False
2024-01-23,False,Stop Loss,61.7,55.53,2,True,False,False,True,False,True,False,True,False,True,False,True,False
2024-01-24,False,Stop Loss,98.7,88.83,1,False,False,True,False,True,True,False,False,True,False,False,True,False
2024-01-25,False,Stop Loss,63.25,56.93,0,False,False,False,True,False,True,False,False,True,True,True,False,False
2024-01-30,False,Stop Loss,135.75,122.17,2,True,False,False,True,False,True,False,True,False,False,False,False,False
2024-01-31,False,Stop Loss,121.0,108.9,1,False,False,True,False,True,False,True,False,True,True,False,True,False
2024-02-02,False,Stop Loss,128.7,115.83,6,True,True,False,False,True,True,False,True,False,False,False,True,False
2024-02-06,False,Stop Loss,129.85,116.86,2,True,False,False,False,True,False,True,False,True,False,False,True,False
2024-02-07,True,Target Hit,67.45,107.92,1,True,True,False,True,False,True,False,False,True,True,False,True,False
2024-02-09,False,11:15 exit,139.2,179.0,6,False,False,False,False,True,True,False,True,False,True,False,True,False
2024-02-13,False,Stop Loss,117.6,105.84,2,True,False,False,False,True,False,True,True,False,True,True,False,True
2024-02-14,False,Stop Loss,77.4,69.66,1,False,False,True,True,False,False,True,False,True,False,True,False,True
2024-02-15,True,Target Hit,36.65,58.64,0,True,False,False,True,False,True,False,True,False,True,False,True,False
2024-02-16,False,Stop Loss,127.95,115.16,6,True,False,False,True,False,True,False,True,False,True,False,True,False
2024-02-20,False,Stop Loss,101.65,91.49,2,False,False,False,True,False,False,False,True,False,False,False,False,False
2024-02-21,False,Stop Loss,78.45,70.61,1,True,False,False,True,False,False,True,False,True,False,True,False,True
2024-02-22,True,Target Hit,52.0,83.2,0,False,False,False,False,True,True,False,True,False,True,False,True,False
2024-02-23,False,Stop Loss,131.35,118.22,6,True,False,False,True,False,True,False,True,False,True,False,True,False
2024-02-27,False,Stop Loss,116.6,104.94,2,False,False,False,False,True,False,True,True,False,True,False,True,False
2024-02-28,False,Stop Loss,74.5,67.05,1,False,False,False,True,False,True,False,False,True,True,False,True,False
2024-02-29,False,Stop Loss,62.8,56.52,0,False,False,False,False,True,False,True,False,True,True,True,False,False
2024-03-01,False,Stop Loss,116.3,104.67,6,True,False,False,True,False,True,False,True,False,True,False,True,False
2024-03-05,False,11:15 exit,108.45,163.6,2,False,False,True,True,False,False,True,False,True,False,False,False,False
2024-03-06,False,Stop Loss,63.15,56.84,1,False,False,False,False,True,False,True,False,True,False,True,False,True
2024-03-07,False,Stop Loss,35.7,32.13,0,False,False,False,True,False,True,False,True,False,True,False,False,False
2024-03-12,False,Stop Loss,76.75,69.08,2,False,False,False,False,True,False,True,False,True,False,True,False,False
2024-03-13,True,Target Hit,76.1,121.76,1,True,False,False,True,False,True,False,True,False,True,False,True,False
2024-03-14,False,Stop Loss,59.85,53.87,0,False,False,False,False,True,False,True,False,True,False,False,True,False
2024-03-15,True,Target Hit,117.85,188.56,6,False,False,True,True,False,False,True,False,True,False,True,False,False
2024-03-19,False,Stop Loss,101.8,91.62,2,False,False,True,True,False,True,False,False,True,False,False,True,False
2024-03-20,True,Target Hit,73.45,117.52,1,False,False,False,False,True,True,False,True,False,True,False,True,False
2024-03-21,False,Stop Loss,35.5,31.95,0,True,True,False,True,False,True,False,True,False,True,False,True,False
2024-03-22,False,Stop Loss,86.8,78.12,6,False,False,True,True,False,True,False,True,False,True,False,True,False
2024-03-26,False,Stop Loss,73.0,65.7,2,False,False,True,True,False,False,True,False,True,True,False,False,False
2024-03-27,False,Stop Loss,50.0,45.0,1,True,False,False,False,True,False,True,True,False,True,False,False,False
2024-03-28,False,Stop Loss,24.15,21.73,0,True,False,False,True,False,True,False,False,True,True,False,True,False
2024-04-02,False,Stop Loss,92.9,83.61,2,False,False,False,True,False,False,True,True,False,False,True,False,False
2024-04-03,False,Stop Loss,58.45,52.61,1,False,False,True,False,True,False,True,False,True,False,True,False,True
2024-04-04,True,Target Hit,43.1,68.96,0,True,True,False,False,True,True,False,True,False,True,False,True,False
2024-04-12,False,11:15 exit,102.3,112.15,6,False,False,True,True,False,True,False,True,False,False,False,True,False
2024-04-16,False,Stop Loss,75.0,67.5,2,False,False,True,False,True,False,True,False,True,True,True,False,True
2024-04-18,True,Target Hit,23.3,37.28,0,True,False,False,False,True,False,True,False,True,True,False,True,False
2024-04-19,False,Stop Loss,146.7,132.03,6,False,False,True,False,True,False,True,False,True,True,False,True,False
2024-04-23,False,Stop Loss,90.35,81.31,2,True,False,False,True,False,True,False,True,False,True,False,True,False
2024-04-24,False,Stop Loss,50.2,45.18,1,True,False,False,True,False,True,False,True,False,True,False,True,False
2024-04-25,False,Stop Loss,38.15,34.34,0,False,False,True,True,False,True,False,False,True,False,False,False,False
2024-04-26,False,11:15 exit,106.3,136.45,6,True,False,False,True,False,False,True,True,False,False,False,True,False
2024-04-30,False,Stop Loss,74.75,67.28,2,True,False,False,True,False,True,False,True,False,False,False,True,False
2024-05-02,False,Stop Loss,37.6,33.84,0,False,False,True,False,True,False,True,False,True,False,False,True,False
2024-05-03,True,Target Hit,108.0,172.8,6,True,True,False,True,False,True,False,False,True,False,False,True,False
2024-05-07,True,Target Hit,105.25,168.4,2,True,False,False,False,True,True,False,True,False,True,False,False,False
2024-05-08,False,Stop Loss,80.7,72.63,1,False,False,True,False,True,True,False,False,True,True,False,True,False
2024-05-09,False,Stop Loss,47.95,43.16,0,False,False,True,False,False,False,True,True,False,True,False,True,False
2024-05-10,False,Stop Loss,123.25,110.92,6,True,False,False,False,True,True,False,True,False,True,False,True,False
2024-05-14,False,Stop Loss,106.85,96.16,2,False,False,False,True,False,False,True,True,False,False,True,False,True
2024-05-15,False,Stop Loss,65.85,59.26,1,True,False,False,True,False,True,False,True,False,False,False,True,False
2024-05-16,True,Target Hit,43.9,70.24,0,True,True,False,False,True,True,False,True,False,True,False,True,False
2024-05-17,False,Stop Loss,116.7,105.03,6,False,False,False,True,False,False,True,False,True,False,False,True,False
2024-05-21,False,Stop Loss,103.65,93.29,2,False,False,True,True,False,True,False,True,False,True,False,False,False
2024-05-22,False,Stop Loss,71.6,64.44,1,True,False,False,True,False,True,False,False,True,False,False,True,False
2024-05-24,False,Stop Loss,127.25,114.53,6,False,False,True,True,False,False,True,False,True,True,True,False,False
2024-05-28,False,Stop Loss,84.5,76.05,2,True,False,False,False,True,False,False,False,True,True,False,False,False
2024-05-29,True,Target Hit,67.15,107.44,1,False,False,True,False,True,True,False,True,False,False,True,False,True
2024-05-30,True,Target Hit,59.55,95.28,0,False,False,True,False,True,False,True,False,True,False,True,False,True
2024-05-31,False,11:15 exit,353.9,380.55,6,True,False,False,False,True,False,True,True,False,True,False,False,False
2024-06-04,False,Stop Loss,386.45,347.81,2,False,False,True,True,False,True,False,False,True,True,False,False,False
2024-06-05,False,Stop Loss,241.6,217.44,1,True,True,False,False,True,True,False,False,True,False,False,False,False
2024-06-06,False,Stop Loss,105.65,95.09,0,True,True,False,True,False,True,False,True,False,True,False,True,False
2024-06-11,False,Stop Loss,127.85,115.06,2,False,False,False,False,True,True,False,True,False,False,True,False,False
2024-06-12,False,Stop Loss,86.15,77.54,1,True,False,False,True,False,True,False,False,True,False,False,False,False
2024-06-13,False,Stop Loss,51.1,45.99,0,True,True,False,True,False,True,False,True,False,True,False,True,False
2024-06-14,False,Stop Loss,111.0,99.9,6,True,False,False,True,False,True,False,False,True,False,False,True,False
2024-06-18,False,Stop Loss,64.0,57.6,2,True,False,False,True,False,True,False,True,False,True,False,False,False
2024-06-19,True,Target Hit,56.55,90.48,1,True,False,False,True,False,True,False,True,False,True,False,True,False
2024-06-20,False,Stop Loss,60.75,54.68,0,True,False,False,False,True,False,False,False,True,False,False,False,False
2024-06-21,False,Stop Loss,116.75,105.08,6,True,False,False,True,False,False,True,False,True,True,True,False,True
2024-06-25,False,Stop Loss,92.35,83.11,2,True,False,False,True,False,False,True,True,False,True,False,False,False
2024-06-26,False,Stop Loss,73.9,66.51,1,False,False,False,True,False,True,False,True,False,False,False,True,False
2024-06-27,False,Stop Loss,51.55,46.39,0,False,False,False,True,False,True,False,False,True,False,False,True,False
2024-06-28,False,Stop Loss,134.6,121.14,6,True,False,False,True,False,True,False,True,False,True,False,True,False
2024-07-02,False,Stop Loss,100.9,90.81,2,True,False,False,True,False,True,False,False,True,True,False,True,False
2024-07-03,False,Stop Loss,69.4,62.46,1,True,True,False,False,True,True,False,True,False,False,False,True,False
2024-07-04,False,Stop Loss,38.0,34.2,0,True,False,False,True,False,True,False,True,False,True,False,False,False
2024-07-05,False,Stop Loss,103.7,93.33,6,False,False,True,True,False,False,False,True,False,True,False,False,False
2024-07-09,False,Stop Loss,67.15,60.44,2,False,False,False,False,True,True,False,True,False,False,False,True,False
2024-07-10,False,Stop Loss,57.55,51.8,1,False,False,False,True,False,True,False,False,True,False,False,False,False
2024-07-11,False,Stop Loss,34.0,30.6,0,True,False,False,False,True,True,False,True,False,True,False,False,False
2024-07-12,False,Stop Loss,92.35,83.11,6,True,False,False,False,True,False,True,False,True,True,False,False,False
2024-07-16,False,Stop Loss,79.65,71.69,2,False,False,False,True,False,True,False,True,False,False,True,False,True
2024-07-18,False,Stop Loss,32.65,29.38,0,False,False,True,True,False,False,True,False,True,False,True,False,True
2024-07-19,False,11:15 exit,193.6,245.2,6,True,False,False,True,False,False,True,False,True,False,True,False,True
2024-07-23,False,Stop Loss,209.55,188.6,2,True,False,False,False,True,True,False,True,False,True,False,True,False
2024-07-24,False,Stop Loss,87.75,78.98,1,False,False,False,False,True,False,True,False,True,True,False,True,False
2024-07-25,False,Stop Loss,57.5,51.75,0,False,False,True,False,True,False,True,False,True,False,True,False,True
2024-07-26,False,Stop Loss,135.75,122.17,6,False,False,False,False,True,False,True,False,True,False,False,False,False
2024-07-30,False,Stop Loss,85.15,76.64,2,False,False,False,True,False,True,False,False,True,False,False,False,False
2024-07-31,False,Stop Loss,69.35,62.41,1,False,False,False,True,False,False,True,False,True,True,True,False,True
2024-08-01,False,Stop Loss,34.4,30.96,0,True,False,False,True,False,True,False,False,True,True,False,True,False
2024-08-02,False,11:15 exit,144.0,151.55,6,False,False,True,True,False,False,True,False,True,False,True,False,True
2024-08-06,False,Stop Loss,130.35,117.31,2,True,True,False,False,True,False,True,True,False,False,True,False,True
2024-08-07,True,Target Hit,71.15,113.84,1,True,True,False,False,True,True,False,False,True,True,False,True,False
2024-08-16,True,Target Hit,119.35,190.96,6,True,True,False,True,False,True,False,True,False,True,False,True,False
2024-08-20,False,Stop Loss,69.15,62.24,2,True,False,False,True,False,True,False,True,False,True,False,True,False
2024-08-21,False,Stop Loss,60.0,54.0,1,False,False,False,True,False,False,True,False,True,False,True,False,True
2024-08-22,False,Stop Loss,30.65,27.59,0,True,False,False,True,False,True,False,True,False,True,False,False,False
2024-08-23,False,Stop Loss,109.75,98.78,6,False,False,False,True,False,False,True,True,False,True,True,False,True
2024-08-27,False,Stop Loss,66.05,59.45,2,False,False,False,True,False,False,True,False,True,False,False,False,False
2024-08-28,False,Stop Loss,59.55,53.59,1,False,False,False,True,False,True,False,False,True,True,False,True,False
2024-08-29,False,Stop Loss,34.8,31.32,0,False,False,False,True,False,False,True,False,True,True,True,False,True
2024-08-30,False,Stop Loss,107.8,97.02,6,True,False,False,True,False,False,True,True,False,True,False,True,False
2024-09-03,False,Stop Loss,70.8,63.72,2,False,False,False,True,False,False,False,True,False,True,False,False,False
2024-09-04,False,Stop Loss,63.35,57.02,1,False,False,True,True,False,False,True,False,True,False,True,False,True
2024-09-05,True,Target Hit,41.85,66.96,0,True,False,False,False,True,False,True,False,True,False,False,False,False
2024-09-06,False,Stop Loss,109.6,98.64,6,False,False,True,False,True,False,True,True,False,False,False,True,False
2024-09-10,True,Target Hit,77.3,123.68,2,True,False,False,True,False,True,False,True,False,True,False,True,False
2024-09-11,False,Stop Loss,67.85,61.06,1,False,False,False,True,False,True,False,False,True,False,False,True,False
2024-09-12,False,Stop Loss,35.85,32.27,0,True,True,False,False,True,True,False,True,False,True,False,True,False
2024-09-13,False,Stop Loss,130.45,117.4,6,True,False,False,True,False,True,False,True,False,True,False,True,False
2024-09-17,False,Stop Loss,77.1,69.39,2,False,False,False,True,False,True,False,True,False,False,True,False,False
2024-09-18,False,Stop Loss,73.8,66.42,1,False,False,False,True,False,True,False,True,False,True,False,False,False
2024-09-19,False,Stop Loss,33.95,30.56,0,True,False,False,False,True,False,True,True,False,False,True,False,False
2024-09-20,False,Stop Loss,137.3,123.57,6,True,False,False,True,False,True,False,True,False,True,False,True,False
2024-09-24,False,Stop Loss,102.15,91.94,2,False,False,False,True,False,True,False,True,False,True,False,True,False
2024-09-25,False,Stop Loss,79.3,71.37,1,False,False,True,True,False,True,False,True,False,True,False,True,False
2024-09-26,False,Stop Loss,40.6,36.54,0,False,False,False,True,False,False,True,True,False,False,False,False,False
2024-09-27,False,Stop Loss,127.6,114.84,6,False,False,False,True,False,True,False,True,False,True,False,True,False
2024-10-01,True,Target Hit,72.75,116.4,2,False,False,False,False,True,True,False,True,False,False,False,True,False
2024-10-03,False,Stop Loss,60.8,54.72,0,False,False,True,False,True,True,False,True,False,False,False,True,False
2024-10-04,False,Stop Loss,146.6,131.94,6,False,False,True,False,True,False,True,True,False,False,True,False,True
2024-10-08,False,Stop Loss,150.35,135.31,2,False,False,False,False,True,False,True,False,True,False,True,False,True
2024-10-10,False,Stop Loss,58.3,52.47,0,True,False,False,False,True,True,False,True,False,True,False,True,False
2024-10-11,False,Stop Loss,124.0,111.6,6,False,False,False,True,False,False,True,True,False,False,False,False,False
2024-10-15,True,Target Hit,74.7,119.52,2,True,False,False,True,False,True,False,True,False,True,False,True,False
2024-10-16,False,Stop Loss,56.0,50.4,1,False,False,True,False,True,False,True,False,True,False,True,False,False
2024-10-17,False,Stop Loss,38.2,34.38,0,True,False,False,False,True,True,False,True,False,False,False,True,False
2024-10-18,False,Stop Loss,146.3,131.67,6,False,False,True,False,True,False,True,True,False,True,False,True,False
2024-10-22,False,Stop Loss,91.6,82.44,2,False,False,False,False,True,False,True,False,True,False,False,False,False
2024-10-23,False,Stop Loss,84.8,76.32,1,False,False,True,False,True,False,True,False,True,False,False,True,False
2024-10-25,False,Stop Loss,133.65,120.29,6,False,False,False,False,True,True,False,False,True,True,False,True,False
2024-10-29,False,Stop Loss,95.9,86.31,2,False,False,False,True,False,True,False,False,True,True,False,True,False
2024-10-30,False,Stop Loss,76.9,69.21,1,False,False,True,True,False,True,False,True,False,False,False,True,False
2024-10-31,False,Stop Loss,41.4,37.26,0,False,False,False,False,True,False,True,False,True,False,True,False,True
2024-11-05,False,Stop Loss,167.3,150.57,2,False,False,True,False,True,False,True,True,False,False,False,False,False
2024-11-06,False,Stop Loss,102.4,92.16,1,True,False,False,True,False,True,False,True,False,True,False,True,False
2024-11-07,False,Stop Loss,59.3,53.37,0,False,False,False,True,False,True,False,True,False,False,False,True,False
2024-11-08,False,Stop Loss,155.9,140.31,6,False,False,False,False,True,True,False,True,False,True,False,True,False
2024-11-12,False,Stop Loss,90.95,81.86,2,True,False,False,False,True,True,False,True,False,True,False,False,False
2024-11-13,True,Target Hit,82.4,131.84,1,False,False,True,False,True,False,True,False,True,False,False,True,False
2024-11-14,False,Stop Loss,63.45,57.11,0,False,False,False,False,True,True,False,True,False,False,False,True,False
2024-11-19,False,Stop Loss,89.4,80.46,2,True,False,False,False,True,True,False,True,False,False,False,True,False
2024-11-21,False,Stop Loss,68.3,61.47,0,False,False,False,True,False,True,False,True,False,False,True,False,False
2024-11-22,False,Stop Loss,147.65,132.89,6,True,False,False,False,True,True,False,True,False,True,False,True,False
2024-11-26,True,Target Hit,105.7,169.12,2,True,True,False,True,False,True,False,False,True,True,False,True,False
2024-11-27,False,Stop Loss,76.15,68.54,1,False,False,False,False,True,True,False,False,True,False,False,True,False
2024-11-28,False,Stop Loss,41.65,37.48,0,False,False,False,True,False,False,True,False,True,False,False,False,False
2024-11-29,False,Stop Loss,139.6,125.64,6,False,False,False,False,True,False,False,False,True,True,False,False,False
2024-12-03,False,Stop Loss,129.19,116.27,2,True,False,False,True,False,True,False,True,False,True,False,True,False
2024-12-04,False,Stop Loss,115.0,103.5,1,False,False,False,True,False,True,False,True,False,True,False,True,False
2024-12-05,True,Target Hit,94.9,151.84,0,True,False,False,True,False,True,False,True,False,True,False,False,False
2024-12-10,False,Stop Loss,123.35,111.02,2,False,False,False,False,True,False,True,True,False,False,True,False,True
2024-12-11,False,Stop Loss,71.5,64.35,1,False,False,False,False,True,False,True,False,True,False,False,True,False
2024-12-12,True,Target Hit,21.4,34.24,0,False,False,True,True,False,True,False,True,False,True,False,True,False
2024-12-13,True,Target Hit,140.19,224.3,6,False,False,True,False,True,False,True,False,True,True,False,False,False
2024-12-17,True,Target Hit,128.94,206.3,2,False,False,True,False,True,True,False,True,False,False,True,False,True
2024-12-18,False,Stop Loss,88.6,79.74,1,False,False,True,False,True,False,True,False,True,False,True,False,True
2024-12-19,False,Stop Loss,51.8,46.62,0,False,False,True,False,True,False,True,False,True,False,True,False,True
2024-12-27,False,Stop Loss,144.19,129.77,6,True,False,False,True,False,False,True,True,False,False,True,False,False
2024-12-31,False,Stop Loss,103.25,92.92,2,False,False,True,False,True,False,True,False,True,False,True,False,True
2025-01-01,False,Stop Loss,100.7,90.63,1,False,False,False,False,True,False,True,False,True,False,False,True,False
2025-01-02,False,Stop Loss,83.9,75.51,0,True,False,False,True,False,False,True,False,True,False,False,True,False
2025-01-03,False,11:15 exit,164.4,185.7,6,False,False,False,True,False,False,True,False,True,True,True,False,False
2025-01-07,False,Stop Loss,131.94,118.75,2,True,False,False,False,True,True,False,True,False,True,False,True,False
2025-01-08,False,Stop Loss,81.25,73.12,1,True,False,False,True,False,False,True,False,True,True,True,False,True
2025-01-09,False,Stop Loss,29.1,26.19,0,False,False,False,False,True,True,False,False,True,False,False,True,False
2025-01-10,True,Target Hit,141.9,227.04,6,False,False,False,False,True,False,False,False,True,False,False,False,False
2025-01-14,False,Stop Loss,79.25,71.33,2,True,False,False,False,True,True,False,False,True,False,False,True,False
2025-01-15,False,Stop Loss,62.5,56.25,1,True,False,False,True,False,True,False,True,False,True,False,True,False
2025-01-16,False,Stop Loss,27.15,24.43,0,True,True,False,True,False,True,False,True,False,True,False,True,False
2025-01-17,False,Stop Loss,144.3,129.87,6,False,False,False,True,False,False,True,False,True,True,False,False,False
2025-01-21,True,Target Hit,107.15,171.44,2,True,False,False,True,False,False,False,True,False,True,False,False,False
2025-01-22,False,Stop Loss,84.9,76.41,1,True,False,False,False,True,True,False,True,False,True,False,True,False
2025-01-23,False,Stop Loss,22.85,20.57,0,False,False,False,True,False,True,False,True,False,True,False,False,False
2025-01-24,False,Stop Loss,171.7,154.53,6,False,False,False,True,False,True,False,True,False,True,False,True,False
2025-01-28,False,11:15 exit,111.05,116.4,2,True,True,False,False,True,False,True,False,True,False,True,False,True
2025-01-29,False,Stop Loss,99.95,89.95,1,True,False,False,True,False,True,False,True,False,True,False,True,False
2025-01-30,False,Stop Loss,104.2,93.78,0,False,False,False,True,False,False,True,False,True,True,False,False,False
2025-01-31,False,Stop Loss,261.35,235.22,6,True,False,False,True,False,True,False,True,False,True,False,True,False
2025-02-04,True,Target Hit,75.75,121.2,2,True,True,False,False,True,False,True,True,False,False,True,False,True
2025-02-05,False,Stop Loss,74.15,66.74,1,True,False,False,True,False,True,False,True,False,True,False,True,False
2025-02-06,True,Target Hit,47.95,76.72,0,True,False,False,False,True,True,False,True,False,True,False,True,False
2025-02-11,False,Stop Loss,108.65,97.79,2,False,False,False,False,True,True,False,True,False,True,False,True,False
2025-02-12,True,Target Hit,66.5,106.4,1,False,False,False,False,True,True,False,True,False,True,False,False,False
2025-02-13,False,Stop Loss,61.9,55.71,0,False,False,False,False,True,False,True,True,False,True,False,True,False
2025-02-14,True,Target Hit,140.94,225.5,6,True,False,False,False,True,True,False,False,True,True,False,True,False
2025-02-18,False,Stop Loss,133.55,120.2,2,False,False,False,True,False,False,False,True,False,True,False,False,False
2025-02-19,False,Stop Loss,80.5,72.45,1,False,False,True,False,True,True,False,False,True,True,True,False,False
2025-02-20,False,Stop Loss,39.7,35.73,0,False,False,True,False,True,True,False,False,True,False,False,True,False
2025-02-21,True,Target Hit,125.15,200.24,6,False,False,True,False,True,False,True,False,True,False,False,False,False
2025-02-25,False,Stop Loss,50.85,45.77,2,False,False,True,False,True,False,True,False,True,True,True,False,False
2025-02-27,False,Stop Loss,13.35,12.02,0,False,False,False,False,True,True,False,True,False,True,False,True,False
2025-02-28,False,11:15 exit,81.7,113.0,6,False,False,True,False,True,False,True,False,True,False,True,False,True
2025-03-04,False,Stop Loss,88.95,80.06,2,False,False,True,False,True,False,True,False,True,True,True,False,True
2025-03-05,False,Stop Loss,63.65,57.28,1,False,False,False,False,True,False,True,True,False,False,True,False,False
2025-03-06,False,Stop Loss,40.95,36.86,0,True,True,False,True,False,True,False,True,False,True,False,True,False
2025-03-07,False,Stop Loss,118.3,106.47,6,False,False,True,True,False,False,True,False,True,True,True,False,True
2025-03-11,False,Stop Loss,102.0,91.8,2,False,False,True,False,True,False,True,False,True,False,True,False,True
2025-03-12,False,Stop Loss,64.85,58.36,1,True,False,False,True,False,False,True,False,True,False,False,True,False
2025-03-13,False,Stop Loss,31.8,28.62,0,True,False,False,False,True,True,False,True,False,True,False,True,False
2025-03-18,False,Stop Loss,82.05,73.84,2,True,True,False,True,False,True,False,True,False,True,False,True,False
2025-03-19,False,Stop Loss,63.55,57.2,1,True,False,False,True,False,False,True,False,True,True,True,False,True
2025-03-20,False,Stop Loss,36.29,32.66,0,True,True,False,True,False,True,False,False,True,False,False,True,False
2025-03-21,False,Stop Loss,99.05,89.14,6,False,False,False,True,False,False,True,False,True,False,False,True,False
2025-03-25,False,Stop Loss,130.0,117.0,2,True,False,False,True,False,True,False,True,False,False,False,True,False
2025-03-26,False,Stop Loss,65.75,59.18,1,False,False,False,True,False,True,False,True,False,True,False,True,False
2025-03-27,False,Stop Loss,44.9,40.41,0,False,False,True,False,True,False,True,False,True,False,True,False,True
2025-03-28,False,Stop Loss,109.95,98.95,6,False,False,False,True,False,False,True,False,True,False,False,False,False
2025-04-01,False,Stop Loss,90.75,81.67,2,False,False,True,False,True,True,False,True,False,False,False,False,False
2025-04-02,False,Stop Loss,82.3,74.07,1,False,False,False,False,True,True,False,True,False,True,False,True,False
2025-04-03,False,Stop Loss,43.4,39.06,0,False,False,True,True,False,True,False,False,True,False,False,True,False
2025-04-11,False,Stop Loss,187.75,168.97,6,True,True,False,False,True,False,True,False,True,True,True,False,True
2025-04-15,False,Stop Loss,120.15,108.14,2,True,True,False,True,False,True,False,True,False,True,False,True,False
2025-04-16,False,Stop Loss,48.75,43.88,1,False,False,False,True,False,False,True,False,True,True,False,True,False
2025-04-17,False,Stop Loss,27.4,24.66,0,False,False,True,True,False,False,True,True,False,True,True,False,True
2025-04-22,False,Stop Loss,92.2,82.98,2,True,False,False,True,False,False,True,False,True,False,True,False,True
2025-04-23,True,Target Hit,64.95,103.92,1,True,True,False,True,False,True,False,True,False,True,False,True,False
2025-04-24,False,Stop Loss,14.6,13.14,0,False,False,True,True,False,True,False,True,False,True,False,True,False
2025-05-02,False,Stop Loss,154.4,138.96,6,False,False,False,False,True,True,False,True,False,False,False,True,False
2025-05-06,False,Stop Loss,74.65,67.19,2,True,False,False,True,False,False,True,True,False,True,True,False,False
2025-05-07,False,Stop Loss,75.7,68.13,1,False,False,True,False,True,False,True,True,False,False,True,False,False
2025-05-08,True,Target Hit,14.8,23.68,0,False,False,False,True,False,True,False,True,False,False,False,True,False
2025-05-09,False,Stop Loss,248.8,223.92,6,False,False,True,False,True,True,False,True,False,True,False,True,False
2025-05-13,False,Stop Loss,177.05,159.35,2,False,False,True,True,False,True,False,True,False,True,False,True,False
2025-05-14,False,Stop Loss,114.8,103.32,1,False,False,False,False,True,True,False,True,False,True,False,True,False
2025-05-15,False,Stop Loss,51.1,45.99,0,False,False,False,True,False,True,False,False,True,False,False,False,False
2025-05-16,False,Stop Loss,169.0,152.1,6,False,False,False,True,False,True,False,False,True,True,False,True,False
2025-05-20,False,Stop Loss,107.05,96.34,2,True,False,False,False,True,True,False,True,False,True,True,False,True
2025-05-21,False,Stop Loss,82.95,74.66,1,True,False,False,False,True,False,True,True,False,True,False,True,False
2025-05-22,False,Stop Loss,85.3,76.77,0,False,False,True,True,False,False,True,False,True,True,True,False,True
2025-05-23,False,Stop Loss,151.44,136.3,6,False,False,False,False,True,False,True,True,False,False,False,True,False
2025-05-27,False,Stop Loss,188.25,169.43,2,False,False,True,True,False,False,False,False,True,True,False,False,False
2025-05-28,False,Stop Loss,157.3,141.57,1,False,False,False,False,True,True,False,True,False,True,False,True,False
2025-05-29,False,Stop Loss,36.2,32.58,0,True,False,False,False,True,False,True,True,False,False,False,False,False
2025-05-30,False,11:15 exit,166.25,210.55,6,False,False,False,True,False,True,False,False,True,False,False,True,False
2025-06-03,False,Stop Loss,169.35,152.41,2,True,False,False,False,True,True,False,True,False,False,False,True,False
2025-06-04,False,Stop Loss,90.4,81.36,1,False,False,False,False,True,True,False,True,False,True,False,True,False
2025-06-05,False,Stop Loss,27.1,24.39,0,True,False,False,True,False,True,False,False,True,True,False,True,False
2025-06-10,False,Stop Loss,92.8,83.52,2,True,False,False,True,False,True,False,True,False,False,False,False,False
2025-06-11,False,Stop Loss,56.0,50.4,1,False,False,False,True,False,True,False,True,False,False,False,True,False
2025-06-12,False,Stop Loss,29.75,26.78,0,False,False,False,True,False,False,True,False,True,False,False,False,False
2025-06-13,False,Stop Loss,185.65,167.09,6,False,False,True,False,True,True,False,False,True,False,True,False,False
2025-06-17,False,Stop Loss,114.45,103.01,2,False,False,False,True,False,True,False,True,False,True,False,True,False
2025-06-18,False,Stop Loss,88.55,79.69,1,False,False,True,False,True,False,True,False,True,False,True,False,True
2025-06-19,False,Stop Loss,29.7,26.73,0,False,False,False,False,True,False,True,False,True,False,False,True,False
2025-06-20,False,Stop Loss,136.0,122.4,6,False,False,False,False,True,False,False,False,True,False,False,False,False
2025-06-24,True,Target Hit,94.25,150.8,2,True,True,False,False,True,True,False,True,False,False,False,True,False
2025-06-25,False,Stop Loss,62.05,55.84,1,True,False,False,True,False,True,False,True,False,True,False,True,False
2025-06-26,False,Stop Loss,44.5,40.05,0,False,False,False,True,False,False,True,True,False,False,False,True,False
2025-06-27,False,Stop Loss,137.8,124.02,6,False,False,False,True,False,True,False,True,False,True,False,True,False
2025-07-01,False,Stop Loss,97.0,87.3,2,False,False,False,False,True,True,False,False,True,False,False,False,False
2025-07-02,True,Target Hit,56.4,90.24,1,True,False,False,True,False,False,True,False,True,False,False,False,False
2025-07-03,False,Stop Loss,31.0,27.9,0,True,False,False,False,True,True,False,True,False,True,False,True,False
2025-07-04,False,Stop Loss,112.3,101.07,6,False,False,False,False,True,True,False,True,False,True,False,True,False
2025-07-08,False,11:15 exit,85.25,86.45,2,False,False,False,True,False,False,True,False,True,True,True,False,True
2025-07-09,False,Stop Loss,50.75,45.68,1,False,False,False,True,False,False,True,True,False,True,False,True,False
2025-07-10,False,Stop Loss,23.75,21.38,0,False,False,False,False,True,True,False,False,True,True,False,True,False
2025-07-11,False,Stop Loss,98.5,88.65,6,False,False,True,False,True,True,False,True,False,False,False,True,False
2025-07-15,False,Stop Loss,61.8,55.62,2,False,False,False,False,True,True,False,True,False,False,True,False,False
2025-07-16,False,Stop Loss,47.0,42.3,1,False,False,False,True,False,False,True,True,False,False,False,False,False
2025-07-17,False,Stop Loss,15.55,14.0,0,False,False,False,True,False,True,False,False,True,False,False,True,False
2025-07-18,True,Target Hit,99.7,159.52,6,False,False,False,False,True,True,False,True,False,True,False,True,False
2025-07-22,True,Target Hit,61.1,97.76,2,True,False,False,True,False,True,False,True,False,True,False,False,False
2025-07-23,False,Stop Loss,32.9,29.61,1,True,False,False,False,True,True,False,True,False,False,False,True,False
2025-07-24,False,Stop Loss,15.7,14.13,0,False,False,False,True,False,True,False,True,False,True,False,True,False
2025-07-25,False,Stop Loss,103.1,92.79,6,False,False,True,False,True,True,False,False,True,True,False,False,False
2025-07-29,False,Stop Loss,65.35,58.81,2,False,False,True,False,True,True,False,False,True,False,False,False,False
2025-07-30,False,Stop Loss,58.15,52.34,1,True,False,False,True,False,False,True,True,False,True,True,False,True
2025-07-31,False,Stop Loss,36.4,32.76,0,False,False,True,True,False,False,True,True,False,True,False,True,False
2025-08-01,False,Stop Loss,120.9,108.81,6,False,False,False,False,True,False,True,False,True,False,True,False,True
2025-08-05,False,11:15 exit,90.3,113.3,2,False,False,False,True,False,True,False,True,False,True,False,True,False
2025-08-07,False,Stop Loss,24.3,21.87,0,False,False,True,False,True,True,False,False,True,True,False,True,False
2025-08-08,True,Target Hit,94.9,151.84,6,False,False,True,True,False,False,True,True,False,True,False,True,False
2025-08-12,False,Stop Loss,65.2,58.68,2,False,False,False,True,False,False,True,True,False,False,True,False,True
2025-08-13,False,Stop Loss,47.05,42.34,1,True,False,False,False,True,True,False,True,False,False,False,True,False
2025-08-14,False,Stop Loss,34.6,31.14,0,False,False,False,True,False,True,False,False,True,True,False,True,False
2025-08-19,False,Stop Loss,75.9,68.31,2,False,False,False,True,False,False,True,True,False,False,False,True,False
2025-08-20,False,Stop Loss,53.15,47.84,1,False,False,False,True,False,False,True,False,True,True,True,False,False
2025-08-21,False,Stop Loss,20.75,18.68,0,True,False,False,True,False,False,True,False,True,False,False,False,False
2025-08-22,False,11:15 exit,88.75,124.5,6,False,False,False,True,False,False,True,True,False,True,True,False,True
2025-08-26,False,Stop Loss,54.5,49.05,2,False,False,True,True,False,False,True,False,True,False,True,False,False
2025-08-28,False,Stop Loss,27.5,24.75,0,False,False,False,False,True,True,False,False,True,False,False,False,False
2025-09-02,False,Stop Loss,24.65,22.18,0,False,False,False,True,False,False,False,True,False,True,False,False,False
2025-09-03,False,Stop Loss,90.6,81.54,6,True,False,False,False,True,False,True,False,True,False,True,False,True
2025-09-04,False,Stop Loss,68.85,61.96,5,True,True,False,True,False,True,False,True,False,True,False,True,False
2025-09-05,False,Stop Loss,58.5,52.65,4,True,False,False,True,False,True,False,True,False,True,False,True,False
2025-09-09,False,Stop Loss,25.7,23.13,0,True,False,False,True,False,True,False,True,False,True,False,True,False
2025-09-10,False,Stop Loss,79.95,71.95,6,True,False,False,True,False,True,False,True,False,False,False,True,False
2025-09-11,False,11:15 exit,65.1,65.25,5,False,False,False,True,False,True,False,True,False,False,False,False,False
2025-09-12,False,Stop Loss,51.4,46.26,4,True,False,False,True,False,True,False,True,False,True,False,True,False
2025-09-16,False,Stop Loss,17.0,15.3,0,False,False,False,False,True,True,False,True,False,True,True,False,True
2025-09-17,False,Stop Loss,67.6,60.84,6,False,False,False,True,False,False,True,False,True,False,True,False,False
2025-09-18,False,Stop Loss,59.35,53.41,5,True,False,False,True,False,False,True,True,False,True,False,True,False
2025-09-19,True,Target Hit,41.75,66.8,4,False,False,False,True,False,True,False,True,False,True,False,True,False
2025-09-23,False,Stop Loss,14.05,12.65,0,False,False,False,False,True,True,False,True,False,False,True,False,False
2025-09-24,False,Stop Loss,83.9,75.51,6,False,False,True,False,True,False,True,False,True,True,True,False,False
2025-09-25,False,11:15 exit,68.75,86.3,5,False,False,False,False,True,False,True,False,True,True,False,True,False
2025-09-26,False,11:15 exit,46.1,58.0,4,False,False,True,False,True,False,True,False,True,False,True,False,False
2025-09-30,False,Stop Loss,27.7,24.93,0,True,False,False,False,True,True,False,True,False,True,True,False,True
2025-10-01,False,Stop Loss,89.2,80.28,6,False,False,False,False,True,True,False,False,True,True,False,False,False
2025-10-03,False,Stop Loss,60.4,54.36,4,False,False,True,True,False,True,False,True,False,True,False,False,False
2025-10-07,False,Stop Loss,22.6,20.34,0,False,False,False,True,False,True,False,True,False,False,False,True,False
2025-10-09,False,Stop Loss,65.2,58.68,5,False,False,False,False,True,True,False,True,False,True,False,True,False
2025-10-10,False,Stop Loss,55.3,49.77,4,False,False,False,True,False,False,True,False,True,True,False,False,False
2025-10-14,True,Target Hit,24.2,38.72,0,True,False,False,False,True,True,False,False,True,True,False,True,False
2025-10-23,False,Stop Loss,81.4,73.26,5,True,True,False,True,False,False,True,False,True,False,True,False,False
2025-10-24,False,Stop Loss,68.55,61.7,4,True,False,False,True,False,True,False,True,False,True,False,True,False
2025-10-28,False,Stop Loss,31.9,28.71,0,False,False,False,True,False,True,False,False,True,True,False,True,False
2025-10-29,False,Stop Loss,107.7,96.93,6,True,False,False,False,True,True,False,True,False,False,True,False,False
2025-10-30,True,Target Hit,97.9,156.64,5,False,False,True,True,False,False,True,False,True,False,True,False,False
2025-10-31,False,Stop Loss,74.4,66.96,4,False,False,False,False,True,False,True,True,False,False,False,True,False
2025-11-04,True,Target Hit,35.3,56.48,0,False,False,False,True,False,True,False,False,True,True,False,True,False
2025-11-06,True,Target Hit,80.75,129.2,5,False,False,False,False,True,True,False,True,False,True,False,True,False
2025-11-07,False,Stop Loss,76.5,68.85,4,False,False,True,False,True,False,True,False,True,False,True,False,True
2025-11-11,False,Stop Loss,40.9,36.81,0,True,False,False,True,False,True,False,True,False,True,False,True,False
2025-11-12,False,Stop Loss,94.65,85.19,6,True,True,False,True,False,True,False,True,False,True,False,True,False
2025-11-13,False,Stop Loss,89.45,80.51,5,False,False,False,True,False,True,False,False,True,True,False,False,False
2025-11-14,False,Stop Loss,95.95,86.36,4,False,False,True,True,False,False,True,False,True,False,True,False,True
2025-11-18,False,Stop Loss,34.0,30.6,0,False,False,False,True,False,False,True,False,True,False,True,False,True
2025-11-19,False,Stop Loss,109.25,98.33,6,False,False,False,False,True,False,True,True,False,False,True,False,True
2025-11-20,False,Stop Loss,103.2,92.88,5,True,False,False,True,False,True,False,True,False,False,False,True,False
2025-11-21,False,11:15 exit,82.95,96.3,4,False,False,True,True,False,False,True,False,True,True,True,False,True
2025-11-25,False,Stop Loss,30.5,27.45,0,True,False,False,False,True,True,False,True,False,True,False,True,False
2025-11-26,False,Stop Loss,80.1,72.09,6,False,False,True,False,True,True,False,True,False,True,False,True,False
2025-11-27,False,Stop Loss,77.35,69.61,5,True,False,False,True,False,True,False,True,False,True,False,True,False
2025-11-28,False,Stop Loss,66.05,59.45,4,False,False,False,True,False,False,False,True,False,True,False,False,False
2025-12-02,False,Stop Loss,29.15,26.23,0,False,False,True,False,True,False,True,True,False,False,True,False,True
2025-12-03,False,11:15 exit,87.6,125.85,6,False,False,False,False,True,True,False,True,False,True,False,True,False
2025-12-04,False,Stop Loss,87.5,78.75,5,False,False,False,False,True,True,False,True,False,False,False,True,False
2025-12-09,True,Target Hit,39.15,62.64,0,False,False,True,False,True,False,True,True,False,True,True,False,True
2025-12-10,False,Stop Loss,97.3,87.57,6,False,False,False,False,True,False,True,True,False,True,False,False,False
2025-12-11,False,Stop Loss,73.8,66.42,5,False,False,False,False,True,True,False,True,False,False,False,True,False
2025-12-12,False,Stop Loss,65.45,58.91,4,True,False,False,True,False,True,False,True,False,True,False,True,False
2025-12-16,False,Stop Loss,38.0,34.2,0,False,False,True,False,True,False,True,False,True,True,True,False,False
2025-12-17,True,Target Hit,78.7,125.92,6,True,False,False,False,True,False,True,True,False,False,False,True,False
2025-12-18,False,Stop Loss,74.85,67.36,5,False,False,True,False,True,False,True,False,True,False,True,False,True
2025-12-19,False,Stop Loss,66.7,60.03,4,True,False,False,False,True,True,False,True,False,True,False,True,False
2025-12-23,False,Stop Loss,26.95,24.25,0,False,False,False,True,False,True,False,False,True,False,False,True,False
2025-12-24,False,Stop Loss,68.4,61.56,6,False,False,False,True,False,True,False,True,False,True,False,True,False
2025-12-26,False,11:15 exit,59.1,80.59,4,False,False,False,False,True,False,False,True,False,False,False,False,False
2025-12-30,False,Stop Loss,21.0,18.9,0,False,False,False,False,True,False,True,False,True,True,True,False,False
2025-12-31,False,Stop Loss,67.59,60.83,6,False,False,False,False,True,False,True,False,True,True,False,False,False
2026-01-01,False,Stop Loss,57.55,51.8,5,True,False,False,True,False,False,True,False,True,False,True,False,False
2026-01-02,False,Stop Loss,45.55,40.99,4,False,False,False,True,False,False,True,False,True,False,True,False,False
2026-01-06,False,Stop Loss,21.4,19.26,0,False,False,True,False,True,True,False,True,False,True,False,False,False
2026-01-07,False,Stop Loss,73.5,66.15,6,False,False,False,False,True,True,False,False,True,True,False,True,False
2026-01-08,True,Target Hit,60.95,97.52,5,False,False,False,False,True,False,True,False,True,True,True,False,False
2026-01-09,False,Stop Loss,51.0,45.9,4,False,False,False,False,True,True,False,True,False,True,False,False,False
2026-01-13,True,Target Hit,43.25,69.2,0,True,False,False,True,False,True,False,True,False,True,True,False,False
2026-01-14,False,Stop Loss,101.2,91.08,6,False,False,True,False,True,False,True,True,False,True,True,False,True
2026-01-16,False,Stop Loss,72.5,65.25,4,False,False,False,False,True,True,False,False,True,True,False,True,False
2026-01-20,False,Stop Loss,29.75,26.78,0,False,False,False,False,True,False,False,False,True,False,False,False,False
2026-01-21,False,Stop Loss,103.4,93.06,6,False,False,True,False,True,False,True,False,True,False,True,False,True
2026-01-22,False,Stop Loss,109.15,98.24,5,True,True,False,False,True,True,False,True,False,False,False,True,False
2026-01-23,False,Stop Loss,79.5,71.55,4,True,False,False,True,False,True,False,True,False,True,False,True,False
2026-01-27,False,Stop Loss,68.95,62.06,0,False,False,False,False,True,True,False,False,True,True,False,False,False
2026-01-28,False,11:15 exit,199.5,195.05,6,True,False,False,True,False,True,False,False,True,False,False,False,False
2026-01-29,False,11:15 exit,174.7,182.45,5,False,False,False,True,False,False,True,False,True,False,False,False,False
2026-01-30,False,Stop Loss,172.75,155.47,4,False,False,True,True,False,False,True,True,False,False,True,False,False
2026-02-03,False,Stop Loss,113.1,101.79,0,True,True,False,False,True,True,False,True,False,True,False,True,False
2026-02-04,False,Stop Loss,152.75,137.47,6,False,False,True,True,False,False,True,False,True,False,True,False,True
2026-02-05,False,Stop Loss,126.1,113.49,5,False,False,False,True,False,False,True,False,True,False,True,False,False
2026-02-10,False,Stop Loss,23.2,20.88,0,True,False,False,True,False,True,False,True,False,True,False,True,False
2026-02-11,False,11:15 exit,94.0,103.1,6,True,False,False,True,False,False,True,True,False,False,False,False,False
2026-02-12,False,Stop Loss,86.0,77.4,5,False,False,True,True,False,False,True,True,False,False,False,True,False
2026-02-13,False,11:15 exit,71.05,89.25,4,False,False,True,False,True,False,True,False,True,False,True,False,True
2026-02-17,False,Stop Loss,42.45,38.21,0,False,False,True,True,False,False,False,True,False,False,False,False,False
2026-02-18,False,Stop Loss,107.55,96.8,6,False,False,False,True,False,True,False,True,False,True,False,True,False
2026-02-19,True,Target Hit,91.8,146.88,5,True,False,False,True,False,True,False,True,False,True,False,True,False
2026-02-20,False,Stop Loss,109.95,98.95,4,False,False,True,False,True,False,True,False,True,False,True,False,False
2026-02-24,False,Stop Loss,38.2,34.38,0,False,False,True,True,False,False,True,False,True,False,True,False,True
2026-03-04,False,Stop Loss,289.55,260.6,6,False,False,True,False,True,False,True,False,True,False,True,False,True
2026-03-05,False,Stop Loss,211.4,190.26,5,True,True,False,False,True,True,False,True,False,True,False,True,False
2026-03-06,False,11:15 exit,194.75,200.55,4,False,False,True,True,False,False,True,False,True,False,True,False,True
2026-03-10,False,Stop Loss,65.6,59.04,0,True,True,False,False,True,True,False,True,False,False,False,True,False
2026-03-11,False,11:15 exit,218.0,336.05,6,False,False,False,True,False,False,True,True,False,True,False,True,False
2026-03-12,False,Stop Loss,244.6,220.14,5,False,False,True,False,True,False,True,False,True,False,False,True,False
2026-03-13,False,Stop Loss,212.1,190.89,4,False,False,True,False,True,False,True,False,True,False,True,False,True
2026-03-17,False,Stop Loss,60.55,54.49,0,True,False,False,True,False,True,False,True,False,True,False,True,False
2026-03-18,False,Stop Loss,208.75,187.88,6,True,False,False,True,False,True,False,True,False,True,False,True,False
2026-03-19,False,11:15 exit,211.95,298.9,5,False,False,True,True,False,False,True,False,True,False,True,False,True
2026-03-20,False,Stop Loss,210.35,189.31,4,True,False,False,False,True,False,True,False,True,False,False,True,False
2026-03-24,False,Stop Loss,79.5,71.55,0,True,True,False,False,True,True,False,True,False,True,False,True,False
